-- ============================================================
-- Seed Data : Programme Scolaire Marocain Complet
-- ============================================================

-- ─── CYCLES ───
INSERT INTO cycles (id, name, name_ar, slug, "order") VALUES
('a0000001-0001-4000-8000-000000000001', 'Primaire', 'الابتدائي', 'primaire', 1),
('a0000001-0001-4000-8000-000000000002', 'Collège', 'الإعدادي', 'college', 2),
('a0000001-0001-4000-8000-000000000003', 'Lycée', 'الثانوي التأهيلي', 'lycee', 3);

-- ─── GRADES ───
-- Primaire
INSERT INTO grades (id, cycle_id, name, name_ar, grade_code, "order") VALUES
('b0000001-0001-4000-8000-000000000001', 'a0000001-0001-4000-8000-000000000001', '1ère Année Primaire', 'الأول ابتدائي', '1AP', 1),
('b0000001-0001-4000-8000-000000000002', 'a0000001-0001-4000-8000-000000000001', '2ème Année Primaire', 'الثاني ابتدائي', '2AP', 2),
('b0000001-0001-4000-8000-000000000003', 'a0000001-0001-4000-8000-000000000001', '3ème Année Primaire', 'الثالث ابتدائي', '3AP', 3),
('b0000001-0001-4000-8000-000000000004', 'a0000001-0001-4000-8000-000000000001', '4ème Année Primaire', 'الرابع ابتدائي', '4AP', 4),
('b0000001-0001-4000-8000-000000000005', 'a0000001-0001-4000-8000-000000000001', '5ème Année Primaire', 'الخامس ابتدائي', '5AP', 5),
('b0000001-0001-4000-8000-000000000006', 'a0000001-0001-4000-8000-000000000001', '6ème Année Primaire', 'السادس ابتدائي', '6AP', 6);

-- Collège
INSERT INTO grades (id, cycle_id, name, name_ar, grade_code, "order") VALUES
('b0000002-0001-4000-8000-000000000001', 'a0000001-0001-4000-8000-000000000002', '1ère Année Collège', 'الأولى إعدادي', '1AC', 7),
('b0000002-0001-4000-8000-000000000002', 'a0000001-0001-4000-8000-000000000002', '2ème Année Collège', 'الثانية إعدادي', '2AC', 8),
('b0000002-0001-4000-8000-000000000003', 'a0000001-0001-4000-8000-000000000002', '3ème Année Collège', 'الثالثة إعدادي', '3AC', 9);

-- Lycée
INSERT INTO grades (id, cycle_id, name, name_ar, grade_code, "order") VALUES
('b0000003-0001-4000-8000-000000000001', 'a0000001-0001-4000-8000-000000000003', 'Tronc Commun', 'الجذع المشترك', 'TC', 10),
('b0000003-0001-4000-8000-000000000002', 'a0000001-0001-4000-8000-000000000003', '1ère Année Baccalauréat', 'الأولى بكالوريا', '1BAC', 11),
('b0000003-0001-4000-8000-000000000003', 'a0000001-0001-4000-8000-000000000003', '2ème Année Baccalauréat', 'الثانية بكالوريا', '2BAC', 12);

-- ─── BRANCHES (Filières) ───
INSERT INTO branches (id, name, name_ar, branch_code, category, "order") VALUES
('c0000001-0001-4000-8000-000000000001', 'Tronc Commun Scientifique',       'الجذع المشترك العلمي',         'TCS',    'general', 1),
('c0000001-0001-4000-8000-000000000002', 'Tronc Commun Lettres',            'الجذع المشترك الأدبي',         'TCL',    'general', 2),
('c0000001-0001-4000-8000-000000000003', 'Tronc Commun Technologique',      'الجذع المشترك التكنولوجي',     'TCT',    'general', 3),
('c0000001-0001-4000-8000-000000000004', 'Sciences Mathématiques A',        'علوم رياضية أ',               'SMA',    'general', 4),
('c0000001-0001-4000-8000-000000000005', 'Sciences Mathématiques B',        'علوم رياضية ب',               'SMB',    'general', 5),
('c0000001-0001-4000-8000-000000000006', 'Sciences Expérimentales — PC',    'علوم تجريبية — فيزياء',       'SE_PC',  'general', 6),
('c0000001-0001-4000-8000-000000000007', 'Sciences Expérimentales — SVT',   'علوم تجريبية — حياة وأرض',    'SE_SVT', 'general', 7),
('c0000001-0001-4000-8000-000000000008', 'Sciences Économiques et Gestion', 'علوم اقتصادية والتدبير',      'SEG',    'general', 8),
('c0000001-0001-4000-8000-000000000009', 'Lettres et Sciences Humaines',    'الآداب والعلوم الإنسانية',     'LSH',    'general', 9),
('c0000001-0001-4000-8000-000000000010', 'Enseignement Originel',           'التعليم الأصيل',              'EO',     'general', 10),
('c0000001-0001-4000-8000-000000000011', 'Arts Appliqués',                  'الفنون التطبيقية',            'ARTS',   'general', 11),
('c0000001-0001-4000-8000-000000000012', 'Sciences et Technologies',        'العلوم والتكنولوجيات',         'ST',     'technologique', 12),
('c0000001-0001-4000-8000-000000000013', 'Sciences Agronomiques',           'علوم زراعية',                 'SA',     'general', 13),
('c0000001-0001-4000-8000-000000000014', 'Gestion Comptable',              'التدبير المحاسباتي',           'GC',     'general', 14);

-- ─── GRADE_BRANCHES ───
-- TC
INSERT INTO grade_branches (grade_id, branch_id) VALUES
('b0000003-0001-4000-8000-000000000001', 'c0000001-0001-4000-8000-000000000001'),
('b0000003-0001-4000-8000-000000000001', 'c0000001-0001-4000-8000-000000000002'),
('b0000003-0001-4000-8000-000000000001', 'c0000001-0001-4000-8000-000000000003');
-- 1BAC
INSERT INTO grade_branches (grade_id, branch_id) VALUES
('b0000003-0001-4000-8000-000000000002', 'c0000001-0001-4000-8000-000000000004'),
('b0000003-0001-4000-8000-000000000002', 'c0000001-0001-4000-8000-000000000005'),
('b0000003-0001-4000-8000-000000000002', 'c0000001-0001-4000-8000-000000000006'),
('b0000003-0001-4000-8000-000000000002', 'c0000001-0001-4000-8000-000000000007'),
('b0000003-0001-4000-8000-000000000002', 'c0000001-0001-4000-8000-000000000008'),
('b0000003-0001-4000-8000-000000000002', 'c0000001-0001-4000-8000-000000000009'),
('b0000003-0001-4000-8000-000000000002', 'c0000001-0001-4000-8000-000000000012');
-- 2BAC
INSERT INTO grade_branches (grade_id, branch_id) VALUES
('b0000003-0001-4000-8000-000000000003', 'c0000001-0001-4000-8000-000000000004'),
('b0000003-0001-4000-8000-000000000003', 'c0000001-0001-4000-8000-000000000005'),
('b0000003-0001-4000-8000-000000000003', 'c0000001-0001-4000-8000-000000000006'),
('b0000003-0001-4000-8000-000000000003', 'c0000001-0001-4000-8000-000000000007'),
('b0000003-0001-4000-8000-000000000003', 'c0000001-0001-4000-8000-000000000008'),
('b0000003-0001-4000-8000-000000000003', 'c0000001-0001-4000-8000-000000000009'),
('b0000003-0001-4000-8000-000000000003', 'c0000001-0001-4000-8000-000000000010'),
('b0000003-0001-4000-8000-000000000003', 'c0000001-0001-4000-8000-000000000011'),
('b0000003-0001-4000-8000-000000000003', 'c0000001-0001-4000-8000-000000000012'),
('b0000003-0001-4000-8000-000000000003', 'c0000001-0001-4000-8000-000000000013'),
('b0000003-0001-4000-8000-000000000003', 'c0000001-0001-4000-8000-000000000014');

-- ─── SUBJECTS ───
INSERT INTO subjects (id, name, name_ar, code, icon, color) VALUES
('d0000001-0001-4000-8000-000000000001', 'Mathématiques',        'الرياضيات',           'maths',  'Calculator',  'blue'),
('d0000001-0001-4000-8000-000000000002', 'Physique-Chimie',      'الفيزياء والكيمياء',  'pc',     'Atom',        'purple'),
('d0000001-0001-4000-8000-000000000003', 'SVT',                  'علوم الحياة والأرض',   'svt',    'Leaf',        'green'),
('d0000001-0001-4000-8000-000000000004', 'Français',             'الفرنسية',            'fr',     'BookOpen',    'sky'),
('d0000001-0001-4000-8000-000000000005', 'Arabe',                'العربية',             'ar',     'Languages',   'amber'),
('d0000001-0001-4000-8000-000000000006', 'Anglais',              'الإنجليزية',          'en',     'Globe',       'red'),
('d0000001-0001-4000-8000-000000000007', 'Philosophie',          'الفلسفة',             'philo',  'Brain',       'pink'),
('d0000001-0001-4000-8000-000000000008', 'Histoire-Géographie',  'التاريخ والجغرافيا',   'hg',     'Map',         'orange'),
('d0000001-0001-4000-8000-000000000009', 'Éducation Islamique',  'التربية الإسلامية',   'ei',     'BookHeart',   'emerald'),
('d0000001-0001-4000-8000-000000000010', 'Économie Générale',    'الاقتصاد العام',      'eco',    'TrendingUp',  'teal'),
('d0000001-0001-4000-8000-000000000011', 'Comptabilité',         'المحاسبة',            'compta', 'Receipt',     'slate'),
('d0000001-0001-4000-8000-000000000012', 'Management',           'التدبير',             'mgmt',   'Briefcase',   'indigo'),
('d0000001-0001-4000-8000-000000000013', 'Sciences de l''Ingénieur', 'علوم المهندس',     'si',     'Wrench',      'zinc');

-- ─── COURSES ───
-- 2BAC SMA S1
INSERT INTO courses (id, grade_id, branch_id, subject_id, semester) VALUES
('e0000001-0001-4000-8000-000000000001', 'b0000003-0001-4000-8000-000000000003', 'c0000001-0001-4000-8000-000000000004', 'd0000001-0001-4000-8000-000000000001', 1),
('e0000001-0001-4000-8000-000000000002', 'b0000003-0001-4000-8000-000000000003', 'c0000001-0001-4000-8000-000000000004', 'd0000001-0001-4000-8000-000000000002', 1),
('e0000001-0001-4000-8000-000000000003', 'b0000003-0001-4000-8000-000000000003', 'c0000001-0001-4000-8000-000000000004', 'd0000001-0001-4000-8000-000000000007', 1),
('e0000001-0001-4000-8000-000000000004', 'b0000003-0001-4000-8000-000000000003', 'c0000001-0001-4000-8000-000000000004', 'd0000001-0001-4000-8000-000000000004', 1),
('e0000001-0001-4000-8000-000000000005', 'b0000003-0001-4000-8000-000000000003', 'c0000001-0001-4000-8000-000000000004', 'd0000001-0001-4000-8000-000000000006', 1);
-- 2BAC SMA S2
INSERT INTO courses (id, grade_id, branch_id, subject_id, semester) VALUES
('e0000001-0001-4000-8000-000000000006', 'b0000003-0001-4000-8000-000000000003', 'c0000001-0001-4000-8000-000000000004', 'd0000001-0001-4000-8000-000000000001', 2),
('e0000001-0001-4000-8000-000000000007', 'b0000003-0001-4000-8000-000000000003', 'c0000001-0001-4000-8000-000000000004', 'd0000001-0001-4000-8000-000000000002', 2);
-- 2BAC PC S1
INSERT INTO courses (id, grade_id, branch_id, subject_id, semester) VALUES
('e0000002-0001-4000-8000-000000000001', 'b0000003-0001-4000-8000-000000000003', 'c0000001-0001-4000-8000-000000000006', 'd0000001-0001-4000-8000-000000000001', 1),
('e0000002-0001-4000-8000-000000000002', 'b0000003-0001-4000-8000-000000000003', 'c0000001-0001-4000-8000-000000000006', 'd0000001-0001-4000-8000-000000000002', 1),
('e0000002-0001-4000-8000-000000000003', 'b0000003-0001-4000-8000-000000000003', 'c0000001-0001-4000-8000-000000000006', 'd0000001-0001-4000-8000-000000000003', 1);
-- 3AC (no branch) S1
INSERT INTO courses (id, grade_id, branch_id, subject_id, semester) VALUES
('e0000003-0001-4000-8000-000000000001', 'b0000002-0001-4000-8000-000000000003', NULL, 'd0000001-0001-4000-8000-000000000001', 1),
('e0000003-0001-4000-8000-000000000002', 'b0000002-0001-4000-8000-000000000003', NULL, 'd0000001-0001-4000-8000-000000000002', 1),
('e0000003-0001-4000-8000-000000000003', 'b0000002-0001-4000-8000-000000000003', NULL, 'd0000001-0001-4000-8000-000000000003', 1),
('e0000003-0001-4000-8000-000000000004', 'b0000002-0001-4000-8000-000000000003', NULL, 'd0000001-0001-4000-8000-000000000004', 1),
('e0000003-0001-4000-8000-000000000005', 'b0000002-0001-4000-8000-000000000003', NULL, 'd0000001-0001-4000-8000-000000000005', 1);
-- TC Sci S1
INSERT INTO courses (id, grade_id, branch_id, subject_id, semester) VALUES
('e0000004-0001-4000-8000-000000000001', 'b0000003-0001-4000-8000-000000000001', 'c0000001-0001-4000-8000-000000000001', 'd0000001-0001-4000-8000-000000000001', 1),
('e0000004-0001-4000-8000-000000000002', 'b0000003-0001-4000-8000-000000000001', 'c0000001-0001-4000-8000-000000000001', 'd0000001-0001-4000-8000-000000000002', 1);

-- ─── UNITS ───
-- 2BAC SMA Maths S1
INSERT INTO units (id, course_id, title, title_ar, unit_ref, "order") VALUES
('f0000001-0001-4000-8000-000000000001', 'e0000001-0001-4000-8000-000000000001', 'Limites et continuité',                    'النهايات والاتصال',              'MATH-A-01', 1),
('f0000001-0001-4000-8000-000000000002', 'e0000001-0001-4000-8000-000000000001', 'Dérivation et étude des fonctions (TAF)',   'الاشتقاق ودراسة الدوال',        'MATH-A-02', 2),
('f0000001-0001-4000-8000-000000000003', 'e0000001-0001-4000-8000-000000000001', 'Suites numériques',                        'المتتاليات العددية',            'MATH-A-03', 3),
('f0000001-0001-4000-8000-000000000004', 'e0000001-0001-4000-8000-000000000001', 'Fonctions logarithmiques',                 'الدوال اللوغاريتمية',           'MATH-A-04', 4),
('f0000001-0001-4000-8000-000000000005', 'e0000001-0001-4000-8000-000000000001', 'Nombres complexes (Partie 1)',             'الأعداد المركبة — الجزء 1',     'MATH-A-05', 5);
-- 2BAC SMA Maths S2
INSERT INTO units (id, course_id, title, title_ar, unit_ref, "order") VALUES
('f0000001-0001-4000-8000-000000000006', 'e0000001-0001-4000-8000-000000000006', 'Fonctions exponentielles',                 'الدوال الأسية',                 'MATH-A-06', 1),
('f0000001-0001-4000-8000-000000000007', 'e0000001-0001-4000-8000-000000000006', 'Intégration',                              'التكامل',                       'MATH-A-07', 2),
('f0000001-0001-4000-8000-000000000008', 'e0000001-0001-4000-8000-000000000006', 'Équations différentielles',                'المعادلات التفاضلية',           'MATH-A-08', 3),
('f0000001-0001-4000-8000-000000000009', 'e0000001-0001-4000-8000-000000000006', 'Nombres complexes (Partie 2)',             'الأعداد المركبة — الجزء 2',     'MATH-A-09', 4),
('f0000001-0001-4000-8000-000000000010', 'e0000001-0001-4000-8000-000000000006', 'Probabilités',                             'الاحتمالات',                    'MATH-A-10', 5);
-- 2BAC SMA PC S1
INSERT INTO units (id, course_id, title, title_ar, unit_ref, "order") VALUES
('f0000002-0001-4000-8000-000000000001', 'e0000001-0001-4000-8000-000000000002', 'Ondes mécaniques progressives',            'الموجات الميكانيكية المتوالية',  'PC-ONDES-01', 1),
('f0000002-0001-4000-8000-000000000002', 'e0000001-0001-4000-8000-000000000002', 'Ondes lumineuses — Diffraction',           'الموجات الضوئية — الحيود',       'PC-ONDES-02', 2),
('f0000002-0001-4000-8000-000000000003', 'e0000001-0001-4000-8000-000000000002', 'Décroissance radioactive',                 'التناقص الإشعاعي',              'PC-NUC-01', 3),
('f0000002-0001-4000-8000-000000000004', 'e0000001-0001-4000-8000-000000000002', 'Noyaux, masse et énergie',                 'النوى والكتلة والطاقة',         'PC-NUC-02', 4);
-- 2BAC PC - PC S1
INSERT INTO units (id, course_id, title, title_ar, unit_ref, "order") VALUES
('f0000003-0001-4000-8000-000000000001', 'e0000002-0001-4000-8000-000000000002', 'Ondes mécaniques progressives périodiques', 'الموجات الميكانيكية المتوالية الدورية', 'PC2-ONDES-01', 1),
('f0000003-0001-4000-8000-000000000002', 'e0000002-0001-4000-8000-000000000002', 'Propagation d''une onde lumineuse',         'انتشار موجة ضوئية',             'PC2-ONDES-02', 2),
('f0000003-0001-4000-8000-000000000003', 'e0000002-0001-4000-8000-000000000002', 'Transformations nucléaires',                'التحولات النووية',              'PC2-NUC-01', 3);
-- 3AC Maths S1
INSERT INTO units (id, course_id, title, title_ar, unit_ref, "order") VALUES
('f0000004-0001-4000-8000-000000000001', 'e0000003-0001-4000-8000-000000000001', 'Identités remarquables',                   'المتطابقات الهامة',             'MATH-3AC-01', 1),
('f0000004-0001-4000-8000-000000000002', 'e0000003-0001-4000-8000-000000000001', 'Développement et factorisation',            'النشر والتعميل',               'MATH-3AC-02', 2),
('f0000004-0001-4000-8000-000000000003', 'e0000003-0001-4000-8000-000000000001', 'Équations et inéquations',                  'المعادلات والمتراجحات',         'MATH-3AC-03', 3),
('f0000004-0001-4000-8000-000000000004', 'e0000003-0001-4000-8000-000000000001', 'Théorème de Thalès',                        'مبرهنة طاليس',                  'MATH-3AC-04', 4);

-- ─── RESOURCES ───
-- 2BAC SMA Maths — Limites
INSERT INTO resources (unit_id, title, type, file_url, file_size_kb, difficulty, downloads_count) VALUES
('f0000001-0001-4000-8000-000000000001', 'Cours complet — Limites et continuité',       'pdf_cours',      '/files/2bac-sma-maths-limites-cours.pdf',     2400, 3, 1250),
('f0000001-0001-4000-8000-000000000001', 'Résumé — Les limites en une fiche',            'pdf_resume',     '/files/2bac-sma-maths-limites-resume.pdf',    480,  2, 3200),
('f0000001-0001-4000-8000-000000000001', 'Série d''exercices corrigés — Limites',        'exercices',      '/files/2bac-sma-maths-limites-exos.pdf',      1800, 3, 890),
('f0000001-0001-4000-8000-000000000001', 'Contrôle type S1 — Analyse',                   'controle_type',  '/files/2bac-sma-maths-limites-ctrl.pdf',      960,  4, 620),
('f0000001-0001-4000-8000-000000000001', 'National 2023 — Exercice Limites (Corrigé)',   'annales',        '/files/2bac-sma-maths-limites-nat2023.pdf',   1200, 5, 4100);
-- Dérivation
INSERT INTO resources (unit_id, title, type, file_url, file_size_kb, difficulty, downloads_count) VALUES
('f0000001-0001-4000-8000-000000000002', 'Cours complet — Dérivation et TAF',            'pdf_cours',      '/files/2bac-sma-maths-derivation-cours.pdf',  2800, 3, 980),
('f0000001-0001-4000-8000-000000000002', 'Résumé — Dérivation en 2 pages',               'pdf_resume',     '/files/2bac-sma-maths-derivation-resume.pdf', 520,  2, 2100),
('f0000001-0001-4000-8000-000000000002', 'Exercices progressifs — Dérivation',            'exercices',      '/files/2bac-sma-maths-derivation-exos.pdf',   2200, 4, 760);
-- Ondes
INSERT INTO resources (unit_id, title, type, file_url, file_size_kb, difficulty, downloads_count) VALUES
('f0000002-0001-4000-8000-000000000001', 'Cours — Ondes mécaniques progressives',        'pdf_cours',      '/files/2bac-sma-pc-ondes-cours.pdf',          3100, 3, 1100),
('f0000002-0001-4000-8000-000000000001', 'Exercices corrigés — Ondes',                   'exercices',      '/files/2bac-sma-pc-ondes-exos.pdf',           1900, 4, 650),
('f0000002-0001-4000-8000-000000000001', 'National 2022 — Ondes (Corrigé)',              'annales',        '/files/2bac-sma-pc-ondes-nat2022.pdf',        1400, 5, 3800);
-- 3AC Identités
INSERT INTO resources (unit_id, title, type, file_url, file_size_kb, difficulty, downloads_count) VALUES
('f0000004-0001-4000-8000-000000000001', 'Cours — Identités remarquables',                'pdf_cours',      '/files/3ac-maths-identites-cours.pdf',        1200, 2, 2400),
('f0000004-0001-4000-8000-000000000001', 'Exercices d''application',                      'exercices',      '/files/3ac-maths-identites-exos.pdf',         800,  2, 1800),
('f0000004-0001-4000-8000-000000000001', 'Résumé — Identités en 1 page',                  'pdf_resume',     '/files/3ac-maths-identites-resume.pdf',       280,  1, 3100);
